image,text
data/raw/book/1.png,یقین دہانی کے بعد کہ ناموس رسالت ﷺ کے قانون میں
data/raw/book/2.png,کسی بھی قسم کی ترمیم یا تبدیلی نہیں کی جا رہی ہے،
data/raw/book/3.png,اپنے مظاہروں کا سلسلہ ختم کر دیں۔ انہوں نے تمام تنظیمی ونگز
data/raw/book/4.png,اور شعبہ جات کے ارکان سمیت تمام ذمہ داروں اور کارکنوں
data/raw/book/5.png,سے کہا کہ وہ مذہبی رواداری اور فرقہ وارانہ ہم آہنگی
data/raw/book/6.png,کے فروغ کیلئے گلی گلی کارنرز میٹنگز کا انعقاد کریں۔ انہوں
data/raw/book/7.png,نے ان خیالات کا اظہار ایم کیو ایم کے مرکز نائن
data/raw/book/8.png,زیرو پر ایم کیو ایم کے مختلف شعبہ جات کے ارکان
data/raw/book/9.png,کے اجلاس سے ٹیلیفون پر خطاب کرتے ہوئے کیا۔ اپنے
data/raw/book/10.png,فکرانگیز خطاب میں الطاف حسین نے کہا کہ اسلام کے معنی
data/raw/book/11.png,امن اور سلامتی ہیں، اسلام صرف مسلمانوں ہی
data/raw/book/12.png,کے نہیں بلکہ تمام مذاہب کے احترام کا درس دیتا ہے۔
data/raw/book/13.png,قرآن مجید میں اللہ تعالیٰ کا فرمان بالکل واضح ہے کہ ترجمہ:
data/raw/book/14.png,میرا دین میرے ساتھ، تمہارا دین تمہارے ساتھ، قرآن مجید میں
data/raw/book/15.png,ایک اور جگہ اللہ تعالیٰ کا فرمان ہے کہ
data/raw/book/16.png,ترجمہ: دین میں کوئی جبر نہیں، اللہ تعالیٰ اپنے
data/raw/book/17.png,اس فرمان میں صاف لفظوں میں بتایا ہے کہ اسلام
data/raw/book/18.png,جبر اور انتہا پسندی کا نہیں اعتدال پسندی کا درس دیتا ہے، مذہبی
data/raw/book/19.png,انتہا پسندی اسلام کی تعلیمات کی نفی ہے۔ الطاف حسین نے
data/raw/book/20.png,کہا کہ جہاں انتہا پسندی ہو گی وہاں امن وسلامتی اور اتحاد
data/raw/book/21.png,سب سے خطرناک اور دردناک آنسو وہ سیدھا دل پر جا کے لگتا ہے۔ ثناء فرید
data/raw/book/22.png,1947ء کے دوران متحدہ ایک برس پاکستان کے حصے میں آیا تھا جس کی حالت نازک تھی NWFP سے مسلم اکثریت کے صرف دو ہی اخبار نکلتے تھے۔ دہلی آزاد مانگ اور نجوم مانگ کے بعد دھاکر منتقل ہو گیا تھا۔ جیک دوسری جگہوں سے چھپنے والے اخبارات ڈان اور جنگ اور اہم تھے نام انگلش پیپرز کا معیار زیادہ اچھا اینس تھا۔ 14 اگست 1947ء کو پہلا لاؤڈ اسپیکر سسٹم پاکستان کارپوریشن قائم ہوا۔ اس وقت بہاڑت سے والا سلٹر ہوا تھا۔ کچھ نئے اسٹیشنز کے بعد میں جیسے ریڈیو اسٹیشن 1948ء میں کراچی اور لاہوریٹی میں۔
data/raw/book/23.png,"عبدالستار ایدھی 1928ء انڈیا کے ایک علاقے میں کاٹھیاواڑ میں پیدا ہوئے۔ عالد نجسبی میں اپنا کاروبار کرتے تھے۔ لیکن اس سے علاوہ انہیں کچھ اور لگنا او رزوجفہ ہیں سال 24 کی عمر میں پاکستان کی آزادی کے چھٹے دن کراچی آئے۔ اس وقت وہ ایک چھوٹا سا اسٹور تھا اور دوسرے پاکستان اور رزگاون کی طرح رہے ہیں مہاجرین کی آبادکاری کا مثال درپیش تھا اور تقریباً 150,000 مہاجرین اس وقت کراچی میں مقیم ہوئے۔ محض 24 برس کی عمر میں انہوں نے اپنی چھوٹی سی دکان کو اتنا بڑھا دیا کہ 2 لاکھ روپے میں ایک 655 سے زائد فاؤنڈیشن سینٹر قائم کر لیں۔ ان کا لینا پاکستان کی باقی 96 لوگوں کا حق مار رکھا۔ اور نئی تنظیمیں ادا کرتے ہیں اور دیگر لوگوں کی ترقی کے حصول میں لوٹی رہی تمام کرتے ہیں۔"
data/raw/book/24.png,(20 ذی الحج 1163ھ / 20 نومبر 1749ء - 29 ذی قعدہ 1213ھ / 4 مئی 1799ء) میسورستان کی سلطنت کے میسور کا آخری فرمانروا شیر میسور نواب حیدر علی کا بیٹا تھا۔ میسورستان کا پہلا شہید بیوی علی کے یہاں پیدا ہوا۔ تاریخ حیدر خان کے مصنف محب الحسن خان کی روایت کے مطابق 1767ء میں نظام دکن نے شیر کو فتح علی خان بیدر کا خطاب دیا تھا۔ نشان حیدری کے مولف حسین کرمانی کے بقول حیدر علی نے ایک وقت نجیبو کی سرکردگی میں روانہ دیا۔ جہاں نجیبو مہلا۔ 1765ء نجیبو سلطان فوجی زندگی میں پہلی بار امداد سامنے آئے جب وہ حیدر علی خان کے ساتھ ملا حملہ اور یو نکلتے۔ 19 جون 1767ء کو نجیبو سلطان صراص الملقب میں اس نے تین مضامین میں چھپیب مار بھا تھا۔ اس وقت میسور بار سلطان حیدر علی میں حملہ اور یوسف۔
data/raw/book/25.png,"پاکستان بننے کے بعد
پاکستان بننے کے بعد
پاکستان بننے کے بعد"
data/raw/book/26.png,جو شخص اپنی حقیقت کو نہیں پہچانتا وہ اپنی اصلاح کی ضرورت بھی محسوس نہیں کرتا۔ نبہا
data/raw/book/27.png,اگر تم اپنے لیے آسان کام چھوڑ گئے تو
data/raw/book/28.png,دودھ میں اگر آب زمزم بھی ملا دیا جائے تو دودھ خاص نہیں رہتا۔ یہی بدعت
data/raw/book/29.png,یا اللہ جو تو نے عطا کیا اور جو تو نے عطا نہیں کیا اور جو تو نے دے کر لیا اس سب پر تیرا شکر کیونکہ جو تو نے عطا کیا وہ تیری نعمت جو تو نے عطا نہیں کیا اس میں تیری حکمت
data/raw/book/30.png,خاموشی کبھی کبھی تفصیل سے جواب ہے
data/raw/book/31.png,اولاد بوجھ نہیں ہیں، والدین مالی ہیں۔ بوڑھوں کو پانی نہ دیئے تو خشک ہو جاتے ہیں۔ ان بوڑھوں کا پانی ماں باپ کے آنسوں میں اور پانی لگانے کا وقت تھا جو والدین غازہ سی نہ بڑھتے ہوں ان کے بوڑھوں کی کیا حالت ہوگی۔
data/raw/book/32.png,کاش میں سیکھری کے جو دیکھا اس علاقے کو کوئی نہیں کوئی فرق تیرے نزدیک ہو گیا
data/raw/book/33.png,تیرے خوشی ایک دن تمہیں بھی اس نودان اور اپنے میٹھے سے پہچان لیا
data/raw/book/34.png,تین لوگوں کو کبھی مت چھونا ایک جس نے مشکل میں ساتھ دیا دوسرا جس نے مشکل میں چھوڑ دیا
data/raw/book/35.png,"حصہ انشائیہ سوال نمبر III مضمون نویسی عنوان: علم کی اہمیت

انسانی روح میں علم کی بے اندازہ اہمیت ہے جو نور بیدار سے پیدا ہو۔ وہ نور علم سے حاصل ہوتی ہے۔ علم سے ہر شعور جوان کو دوسروں تک نکال دیتا ہے۔ اسلام میں علم بندگی سے فرض قرار دیا گیا ہے ورنہ عاصی کے مسلمان کاذب ہے۔ قرآن مجید کی پہلی وحی بھی علم کی اہمیت بتاتی ہے۔"
data/raw/book/36.png,"درخواست برائے بیماری

بخدمت جناب پرنسپل گورنمنٹ ہائی سکول نمبر 2
جناب!
گزارش ہے کہ فدوی کو کل رات سے سخت بخار تھا جس کی وجہ سے آج سکول حاضر ہونے سے قاصر ہے۔ لہذا مہربانی فرما کر ایک دن یوم چھٹی عنایت فرمائیں۔ آپ کی عین نوازش ہوگی۔
مورخہ: 18-6-26"
data/raw/book/37.png,"وقت کی قدر

وقت اللہ تعالیٰ کی ایک عطا کردہ نعمت ہے۔ نعمت کی حقیقی قدر وہی جانتا ہے جس کے پاس اس کی کمی ہو۔ ایک بار جو وقت گزر جاتا ہے وہ دوبارہ ہاتھ نہیں آتا۔ حقیقت میں ہم سب اپنی زندگی ہی کے وہ ادوار ہیں جو ہم نے وقت کی قدر کی۔ کامیاب لوگ وقت کا صحیح استعمال کرنے والے ہوتے ہیں اور اپنے وقت کو ضائع نہیں کرتے۔ ہمیں وقت کی قدر کرتے ہوئے اپنی زندگی کا ہر لمحہ کارآمد بنانا چاہیے۔"
data/raw/book/38.png,وہ بخشتا ہے گناہ عظیم بھی لیکن ہماری چھوٹی سی نیکی سنبھال رکھتا ہے، ہم اسے بھول جاتے ہیں روشنی میں تاریکی میں بھی ہمارا حساب رکھتا ہے گھر وہ ان کے دیا بھی نہیں، ان کے لیے فضاء میں چپ نہ ستارے اچھال رکھ
data/raw/book/39.png,درخواست
data/raw/book/40.png,رخسانہ
data/raw/newspaper/41.png,"ایران کے گلستان صوبے میں واقع آقتکہ خان ریلوے پل پر امریکی حملے نے ایران کے اہم ترین ٹرانزٹ راستوں میں سے ایک کی جانب توجہ مبذول کروا دی ہے۔

یہ راستہ ایران کو اینچ برون سرحد کے ذریعے وسطی ایشیا، روس اور چین کے ریلوے نیٹ ورک سے جوڑتا ہے۔ لیکن راہداری ایران کی معیشت کے لیے کتنی اہم ہے اور اس میں رکاوٹ پیدا ہونے کیا نتائج ہو سکتے ہیں؟

گلستان صوبے کے سپاہ نینوا نے ایک بیان میں کہا کہ آقتکہ خان پل کو امریکی کروز میزائلوں کا نشانہ بنایا گیا ہے۔ ایرانی ذرائع ابلاغ نے شائع ہونے والی رپورٹوں کے مطابق، کم از کم سات میزائل دریائے گورگن پر قائم اس ریلوے پل سے ٹکرائے۔

ایرانی حکام نے انسانی جانی نقصان کی کوئی اطلاع نہیں دی، لیکن علاقے کے ریلوے بنیادی ڈھانچے کو نقصان پہنچنے کی خبر دی ہے۔

یہ حملہ ایسے وقت میں ہوا جب شمالی ایران کے ریلوے راستے گذشتہ چند برسوں کے دوران ملک کی تجارت اور ٹرانزٹ کے اہم رگوں میں تبدیل ہو چکے ہیں۔"
data/raw/newspaper/42.png,"رواں سال فروری میں، ایران کے خلاف امریکہ اور اسرائیل کی جنگ کے دوران، تہران، البرز، قزوین، اصفہان اور مشرقی آذربائیجان صوبوں میں کم از کم چھ ریلوے پلوں کو نشانہ بنایا گیا تھا۔

تاہم آقتکہ خان پل پر حملہ اپریل 2026 کی جنگ بندی کے خاتمے کے بعد ایران کے نقل و حمل کے بنیادی ڈھانچے پر ہونے والا پہلا حملہ شمار ہوتا ہے۔

امریکی حکام نے آقتکہ خان پل کا براہ راست ذکر کیے بغیر کہا کہ اس روز ایران کے متعدد 'لاجسٹک اور امدادی بنیادی ڈھانچوں' کو نشانہ بنایا گیا۔

اس حملے کے ساتھ خراسان رضوی صوبے میں تربت ریلوے سٹیشن کو بھی نشانہ بنایا گیا، جس کے نتیجے میں مشہد جانے والا ریلوے راستہ بند ہو گیا۔"
data/raw/newspaper/43.png,"اس پل کی اہمیت کو دو اہم بین الاقوامی راستوں کے تناظر میں سمجھنا چاہیے۔

پہلا، چین کا 'بیلٹ اینڈ روڈ' منصوبہ ہے، جس نے مشرقی ایشیا، وسطی ایشیا، مشرق وسطیٰ اور یورپ کے درمیان زمینی و سمندری راستوں کا ایک نیٹ ورک قائم کیا ہے۔

اس نیٹ ورک کی ایک شاخ چین سے شروع ہو کر قازقستان اور ترکمانستان سے گزرتی ہوئی اینچ برون سرحد کے راستے ایران میں داخل ہوتی ہے۔

دوسرا، بین الاقوامی شمال-جنوب نقل و حمل راہداری ہے، جسے انڈیا، ایران اور روس نے آپس میں جوڑنے کے لیے بنایا گیا ہے۔ اس منصوبے کا مقصد ایشیائی ممالک اور روس اور یورپ کے درمیان سامان کی ترسیل کے وقت اور لاگت کو کم کرنا ہے۔"
data/raw/newspaper/44.png,"ایرانی ریلوے حکام کے مطابق، گذشتہ سال کم از کم 65 مال بردار ٹرینیں چین سے ایران پہنچیں۔

خلیج فارس میں کشیدگی میں اضافے اور سمندری راستوں کے غیرمحفوظ ہونے کے بعد ایران اور چین کے درمیان مال بردار ٹرینوں کی تعداد تقریباً تین گنا بڑھ گئی ہے، یہاں تک کہ بعض اوقات تین سے چار دن بعد چین سے ایک مال بردار کنٹینر ٹرین ایران پہنچتی رہی ہے۔

روس نے بھی گذشتہ چند برسوں میں اس راستے کا استعمال بڑھایا ہے۔ 2015 میں روس کی پہلی مال بردار ٹرین ترکمانستان اور اینچ برون سرحد کے ذریعے ایران میں داخل ہوئی اور جنوب میں واقع اپنے آبی ڈرائی پورٹ پر سامان اتارا۔ دونوں ممالک کے حکام نے اس واقعے کو دونوں علاقائی راہداریوں کی ترقی کی سمت میں ایک اہم قدم قرار دیا۔"
data/raw/newspaper/45.png,"پٹرول سے سیرامکس تک تجارت کا ایک اہم راستہ

گورگان-اینچ برون ریلوے ٹرانزٹ صرف ایک راستہ نہیں بلکہ ایران بلکہ وسطی ایشیا کی ایران کے ساتھ زمینی تجارت کے اہم ترین راستوں میں سے ایک شمار ہوتا ہے۔

ایران اس راستے کے ذریعے پیٹروکیمیکل مصنوعات، فولاد، سیمنٹ، تعمیراتی سامان اور ٹائلیں اور اپنی بعض زرعی مصنوعات برآمد کرتا ہے۔ ان اشیا کی ریلوے کے ذریعے نقل و حمل زیادہ مقدار اور کم لاگت کی وجہ سے برآمد کنندگان کے لیے زیادہ اقتصادی فائدہ رکھتی ہے۔

دوسری جانب، اس راہداری کے ذریعے ایران کی درآمدات کا ایک اہم حصہ اناج، گندم، مکئی، جو، کپاس، مویشیوں کی خوراک، کیمیائی کھادیں اور خوراک اور زراعت کے صنعتوں کے لیے خام مال پر مشتمل ہوتا ہے۔ روس اور قازقستان اس منڈی کے لیے اہم اشیا فراہم کرنے والوں میں شمار ہوتے ہیں۔"
data/raw/newspaper/46.png,پیٹرول ختم ہونے کا اشارہ دینے والی لائٹ روشن ہونے پر گاڑی کتنا فاصلہ طے کر سکتی ہے؟
data/raw/newspaper/47.png,کل بلاول نے کسی کا گلا پکڑا پھر ساری رات پیر پکڑ کر بیٹھے رہے: عظمیٰ بخاری
data/raw/newspaper/48.png,لاہور: وزیراطلاعات پنجاب عظمیٰ بخاری کا کہنا ہے 'آزاد کشمیر کے الیکشن میں عوام نے ترقی اور جدت کو ووٹ دیا جسے مخالفین کو دل سے تسلیم کرنا چاہیے۔' کل چیئرمین پیپلز پارٹی بلاول بھٹو زرداری نے کسی کا گلا پکڑا پھر ساری رات پیر پکڑ کر بیٹھے رہے۔
data/raw/newspaper/49.png,پاکستان ہاکی فیڈریشن نے ورلڈ کپ سے قبل عماد بٹ کو پاکستان ہاکی ٹیم کی کپتانی سے ہٹا دیا اور ابوبکر کو پاکستان ہاکی ٹیم کا نیا کپتان مقرر کر دیا۔
data/raw/newspaper/50.png,"پی ایچ ایف نے اس امید کا اظہار کیا ہے کہ ابوبکر کی قیادت میں، سینئر کھلاڑیوں کے تجربے اور نوجوان کھلاڑیوں کی صلاحیتوں کی بدولت، ٹیم ایک متحد اور مضبوط انداز میں آگے بڑھے گی۔

ابوبکر 30 جولائی کو کوریا کے خلاف ہوم سیریز میں ٹیم کی قیادت کریں گے جبکہ ہاکی ورلڈ کپ 15 اگست سے شروع ہوگا۔"
data/raw/newspaper/51.png,"ڈیٹا پروٹیکشن

کمپنی کا کہنا ہے کہ مقامی طور پر دستیاب خودمختار جی پی یو انفراسٹرکچر سے پاکستانی محققین، اسٹارٹ اپس، کاروباری اداروں اور یونیورسٹیوں کو اردو اور علاقائی زبانوں کے لیے اے آئی ماڈلز تیار کرنے میں مدد ملے گی، ساتھ ہی فن ٹیک سمیت دیگر شعبہ جاتی ضروریات پر مبنی اے آئی ایپلی کیشنز بنائی جا سکیں گی، کیونکہ اے آئی پر صنعت کو تبدیل کر رہی ہے، اس انقلاب کی بنیاد جی پی یو کمپیوٹنگ ہے۔

مزید یہ کہ تمام ڈیٹا کو پاکستان کے اندر رکھنے سے سائبر سیکیورٹی، دفاع، شفافیت، آڈٹ کے قابل عمل نظام، رسائی کنٹرول، آئیڈنٹیٹی منیجمنٹ، پرائیویسی اور قومی ڈیٹا پروٹیکشن مضبوط ہوگا۔"
data/raw/newspaper/52.png,"چوتھے ایشیز ٹیسٹ کے لیے میلبرن کرکٹ گراؤنڈ (ایم سی جی) کی بولرز کے لیے سازگار پچ کو انٹرنیشنل کرکٹ کونسل (آئی سی سی) نے ناقص قرار دے دیا۔

میچ ریفری جیف کرو نے کہا کہ ایم سی جی کی پچ زیادہ حد سے بولرز کے حق میں تھی، پہلے دن 20 وکٹیں گریں، دوسرے دن 16 وکٹیں گریں اور کوئی بھی بلے باز سنچری تک نہ پہنچ سکا، اسی لیے گائیڈ لائنز کے مطابق پچ کو ناقص قرار دیا گیا اور وینیو کو ایک ڈی میرٹ پوائنٹ ملا۔

واضح رہے کہ انگلینڈ نے دوسرے دن کے آخری سیشن میں آسٹریلیا سے چار وکٹوں کو شکست دی، چاروں اننگز میں کسی بھی بلے باز کی زیادہ سے زیادہ سکور 46 رہا۔"
data/raw/newspaper/53.png,"ایم سی جی کے کیوریٹر میٹ پیج نے وکٹ پر ان کی ٹیم نے وکٹ پر 10 ملی میٹر گھاس چھوڑی، جس سے فاسٹ بولرز کو سیم اور باؤنس ملا اور بیٹنگ نہایت مشکل ہو گئی۔

اس صورتحال کے باعث کرکٹ آسٹریلیا کو تقریباً ایک کروڑ آسٹریلیو ڈالر کے مالی نقصان کا سامنا کرنا پڑا کیونکہ تیسرے اور چوتھے دن کے ٹکٹ واپس کرنا پڑے۔

کرکٹ آسٹریلیا کے چیف آف کرکٹ جیمز آل سوپ نے کہا کہ تیسرے اور چوتھے دن ٹکٹ رکھنے والے شائقین اور دنیا بھر میں میچ دیکھنے کے منتظر لاکھوں مداحوں کے لیے یہ مایوس کن تھا اور گیند بلے کے درمیان ایم سی جی کا روایتی توازن فراہم نہ کر سکی۔"
data/raw/newspaper/54.png,"اسلام آباد: وزیراعظم شہباز شریف اور چیئرمین پاکستان کرکٹ بورڈ (پی سی بی) محسن نقوی نے انڈر 19 ایشیاکپ جیتنے پر پاکستانی ٹیم اور پوری قوم کو مبارکباد دی ہے۔

اپنے بیان میں وزیراعظم شہباز شریف نے کہا کہ پاکستانی کھلاڑیوں نے بہترین کارکردگی کا مظاہرہ کیا، بھارت کو فائنل میں شکست دے کر پاکستانی کھلاڑیوں کو تاریخی رقم دی۔

وزیراعظم نے کہا کہ پوری قوم کو اپنے ان نوجوان کھلاڑیوں پر فخر ہے، انڈر 19 ٹیم بلاشبہ مستقبل میں بھی ملک کا نام عالمی سطح پر روشن کرے گی۔

شہباز شریف نے کہا کہ پاکستان کرکٹ بورڈ کے چیئرمین محسن نقوی سمیت تمام ٹیم منیجمنٹ کو خراج تحسین پیش کرتا ہوں۔"
data/raw/newspaper/55.png,"کرکٹ آسٹریلیا کی ریکی ٹیم انتظامات کا جائزہ لینے قذافی اسٹیڈیم پہنچی اور ریکی ٹیم نے معمول کے دورے میں وینیوز کا جائزہ لیا۔

ذرائع کے مطابق ریکی ٹیم این سی اے اور ایل سی سی اے گراؤنڈ کا بھی جائزہ لیا گیا تھا، اسے پی سی بی اور سیکیورٹی حکام نے بریفنگ بھی دی۔

اس سے قبل کمشنر لاہور مریم خان نے بھی سیکیورٹی انتظامات پر آسٹریلین ریکی ٹیم کو بریفنگ دی۔

آسٹریلیا ٹی20 ٹیم نے آئندہ ماہ کے آخر میں پاکستان کا دورہ کرنا ہے، پاکستان اور آسٹریلیا کے مابین تین ٹی20 میچز کی سیریز شیڈول ہے۔"
data/raw/newspaper/56.png,"پاکستانی شوبز انڈسٹری کی معروف اداکارہ، ڈیجیٹل کری ایٹر اور ڈانسر مہر بانو نے انکشاف کیا ہے کہ اس وقت ٹی وی پر نشر ہونے والے متعدد ڈراموں کے اسکرپٹس مصنوعی ذہانت (AI) کی مدد سے تیار کیے جا رہے ہیں، جس سے پیشہ ور مصنفین کی محنت اور صلاحیتوں کی بے توقیری ہو رہی ہے۔

مہر بانو نے حالیہ گفتگو میں کہا کہ لوگوں کو یہ اندازہ ہی نہیں کہ اس وقت ٹی وی پر نشر ہونے والے کتنے ہی ڈراموں کے اسکرپٹس مصنوعی ذہانت سے تیار کیے جا رہے ہیں، میں خود بھی ایسے ایک پروجیکٹ پر کام کر چکی ہوں، یہ ان پروفیشنل رائٹرز کی سخت توہین ہے جنہوں نے برسوں اس انڈسٹری کے لیے محنت کی ہے۔"
data/raw/newspaper/57.png,"بھارتی کرکٹ ٹیم کے کھلاڑی روہت شرما کے ون ڈے کے مستقبل پر سوالات اٹھ گئے ہیں۔

انگلینڈ کے خلاف دوسرے ون ڈے میں روہت شرما کی جانب سے صرف 26 رنز بنانے کے بعد بھارتی میڈیا پر دعویٰ کیا جا رہا ہے کہ 19 جولائی کو کھیلا جانے والا آخری اور ون ڈے روہت شرما کے کریئر کا آخری میچ ثابت ہو سکتا ہے۔

بھارتی میڈیا کے مطابق بھارتی کرکٹ بورڈ کی سلیکشن کمیٹی مستقبل کی منصوبہ بندی کرتے ہوئے نوجوان بلے باز یشسوی جیسوال کو زیادہ مواقع دینا چاہتی ہے۔"
data/raw/newspaper/58.png,"بھارتی میڈیا پر شیئر کیے گئے اعداد و شمار کے مطابق روہت شرما نے اپنے گذشتہ 8 ون ڈے میچز میں 241 رنز بنائے ہیں جن میں سے صرف 1 نصف سنچری شامل ہے۔

دوسری جانب یشسوی جیسوال شاندار فارم میں ہیں اور حالیہ 3 اننگز میں 2 سنچریاں سکور کر چکے ہیں۔

رپورٹس میں یہ بھی کہا جا رہا ہے کہ سلیکشن کمیٹی اور روہت شرما کے درمیان کرکٹ ٹیسٹ ریٹائرمنٹ کے معاملے پر بھی مکمل رائے کا اتفاق نہیں تھا، تاہم بورڈ کی توجہ اب آئندہ عالمی کپ کے لیے نئی ٹیم تیار کرنے پر مرکوز ہے۔"
data/raw/newspaper/59.png,"برطانوی شہزادہ ولیم نے فیفا ورلڈ کپ 2026ء کے سیمی فائنل میں انگلینڈ کو ارجنٹینا کے ہاتھوں 2-1 سے شکست ہونے کے بعد اپنی فٹبال ٹیم کے لیے جذباتی پیغام شیئر کیا ہے۔

شہزادہ ولیم نے فوٹو اینڈ ویڈیو شیئرنگ پلیٹ فارم انسٹاگرام پر اپنے آفیشل اکاؤنٹ پر انگلینڈ کی ٹیم کے کھلاڑیوں کی مخالف ٹیم کے دوران میچ کا ڈٹ کر مقابلہ کرنے اور میچ جیتنے کی کوششوں کی تعریف کی ہے۔

انہوں نے اپنی انسٹا سٹوری میں انگلینڈ کی فٹبال ٹیم سے مخاطب ہو کر شکست پر افسوس کا اظہار کرتے ہوئے لکھا ہے کہ آپ نے پوری کوشش کی اور ہمیں ناقابلِ یقین ٹورنامنٹ کے لیے آپ پر بہت فخر ہے۔"
data/raw/newspaper/60.png,"ارجنٹینا کے عالمی شہرت یافتہ فٹبالر لیونل میسی نے فیفا پر فکسنگ کے الزامات پر اپنے ردعمل کا اظہار کر دیا۔

سیمی فائنل میں انگلینڈ کو شکست دے کر فائنل کے لیے کوالیفائی کرنے کے بعد میڈیا سے گفتگو کرتے ہوئے لیونل میسی نے فیفا کی جانب سے ارجنٹینا کی جانبداری کے بارے میں پوچھے گئے سوال کا جواب دیا۔

انہوں نے کہا کہ ہم گذشتہ 4 سال سے بہترین رہے ہیں، اب چاہے لوگوں کو یہ بات پسند آئے یا نہ آئے۔"
data/raw/newspaper/61.png,"حالیہ برسوں میں ایران اور چین کے درمیان تجارت کے پھیلاؤ کے ساتھ اس راستے سے کنٹینر نقل و حمل کا حصہ بھی بڑھا ہے۔ صنعتی مشینری، پیداواری آلات، صنعتی پرزہ جات، بعض استعمالی اشیا اور کارخانوں کے لیے خام مال ان اشیا میں شامل ہیں جو اس ریلوے نیٹ ورک کے ذریعے ایران میں درآمد کی جاتی ہیں۔

اس دوران یہ راہداری روس، چین اور وسطی ایشیا، چین اور ایران کے جنوبی بندرگاہوں کے درمیان سامان کی ترسیل کے ایک اہم راستے میں بھی تبدیل ہو چکی ہے، اور اس سے گزرنے والے سامان کا ایک حصہ خلیج فارس کے ممالک اور انڈیا کے منڈیوں تک پہنچایا جاتا ہے۔"
data/raw/newspaper/62.png,"کیا اس راستے نے پابندیوں کے اثرات کو کم کرنے میں کوئی کردار ادا کیا ہے؟

حالیہ برسوں میں ایران کے خلاف بڑھتی ہوئی اقتصادی پابندیوں اور روس پر عائد وسیع تر پابندیوں کے ساتھ اس راستے کی اہمیت مزید بڑھ گئی ہے۔

بعض تجزیہ کاروں کا خیال ہے کہ شمالی ایران کے زمینی اور ریلوے راستوں نے ملک کی تجارتی راستوں میں تنوع پیدا کرنے میں مدد دی ہے اور ایران کی بیرونی تجارت کا سمندری راستوں پر انحصار کسی حد تک کم کیا ہے۔

ایرانی حکام بھی بارہا اس بات پر زور دے چکے ہیں کہ شمال-جنوب اور مشرق-مغرب ریلوے راہداریوں کی ترقی ہمسایہ اور ایشیائی ممالک کے ساتھ تجارت بڑھانے کی قومی حکمت عملی کا حصہ ہے۔"
data/raw/newspaper/63.png,"ایران کی معیشت پر اس حملے کا اثر

ایران کی ریلوے نے اعلان کیا ہے کہ حملے کے فوراً بعد متاثرہ حصوں کی بحالی کا کام شروع کر دیا گیا تھا۔

ریلوے کے سربراہ کے مطابق فنی ٹیمیں موقع پر تعینات کر دی گئی ہیں اور متاثرہ ریلوے لائنوں کا ایک حصہ مختصر وقت میں دوبارہ استعمال کے قابل بنا دیا گیا ہے۔

مختصر مدت میں اس راستے کا کچھ مال سڑکوں، بحیرہ کیسپین کی سرخس ریلوے راستے یا سڑک اور ریل کے مشترکہ نظام کے ذریعے منتقل کیا جا سکتا ہے۔

تاہم ماہرین کا کہنا ہے کہ گنجائش، لاگت اور رفتار کے لحاظ سے ان میں سے کوئی بھی متبادل گورگان-اینچ برون راستے کی مکمل جگہ نہیں لے سکتا۔"
data/raw/newspaper/64.png,"اگر بحالی کا کام منصوبے کے مطابق جاری رہا تو اس راستے میں اپریشنل رکاوٹ غالباً عارض ہوگی۔

لیکن جسمانی نقصان سے پٹ کر بعض تجربہ کاروں کا ماننا ہے کہ اس واقعے کی اصل اہمیت کے معاشی اور نفسیاتی اثرات میں پوشیدہ ہے، کیونکہ ٹرانزٹ راستوں کی سلامتی اور استحکام بین الاقوامی کمپنیوں اور تجارتی شراکت داروں کے فیصلوں میں اہم کردار ادا کرتے ہیں۔

ماضی کی بحالی سرگرمیوں کا تجربہ ظاہر کرتا ہے کہ ایران ریلوے نیٹ ورک متاثرہ بنیادی ڈھانچے کو نسبتاً تیزی سے بحال کرنے کی اچھی صلاحیت رکھتا ہے۔

بہرحال، آقتکہ خان پل پر حملہ محض تعمیرات یا نقل و حمل سے متعلق ایک واقعہ نہیں ہے، بلکہ ایسا واقعہ ہے جس کے معاشی، تجارتی اور جغرافیائی سیاسی پہلو گلستان صوبے کی سیاسی حدود سے آگے، بلکہ ایران کی سرحدوں سے باپر بھی توجہ کا مرکز بن سکتے ہیں۔"
data/raw/newspaper/65.png,"یہ راستہ روس، چین اور وسطی ایشیائی ممالک کے ساتھ ایران کے اقتصادی تعلقات کے فروغ میں اہم کردار ادا کر رہا ہے۔

ایرانی حکام کا کہنا ہے کہ اس راستے نے اقتصادی پابندیوں کے اثرات کم کرنے میں مدد دی ہے۔

یہ پہلی بار نہیں ہے کہ ایران کے ریلوے بنیادی ڈھانچے کو امریکی حملوں کا نشانہ بنایا گیا ہو۔"
data/raw/newspaper/66.png,چیئرمین پیپلز پارٹی بلاول بھٹوزرداری نے نام لیے بغیر مسلم لیگ ن پر تنقید بناتے ہوئے نشانہ بناتے ہوئے کہا کہ یہ لوگ نسل در نسل دھاندلی کی پیداوار ہیں، یہ ہمیشہ دھاندلی کے ذریعے اقتدار میں آتے ہیں۔
data/raw/newspaper/67.png,سابق ٹیسٹ کرکٹر محمد خلیل کی 10 ماہ کی بیٹی کرنٹ لگنے سے انتقال کر گئی
data/raw/newspaper/68.png,"محمد خلیل نے تصدیق کی ہے کہ ان کی 10 ماہ کی بیٹی کو کرنٹ لگنے سے انتقال ہو گئی ہے۔

محمد خلیل نے مزید بتایا کہ بدقسمتی سے یہ حادثہ پیش آیا ہے، مجھے امریکا میں اطلاع ملی، اب واپس پاکستان آ رہا ہوں۔"
data/raw/newspaper/69.png,آرٹی فیشل انٹیلی جنس (اے آئی) ٹیکنالوجی سے انسانیت کو لاحق ممکنہ خطرات کے حوالے سے کافی بحث کی جا رہی ہے۔
data/raw/newspaper/70.png,انہوں نے کہا کہ ایڈوانسڈ اے آئی کا کنٹرول حکومتوں یا طاقتور اداروں کی بجائے بڑے پیمانے پر لوگوں کے پاس ہونا چاہیے۔
data/raw/newspaper/71.png,"پاکستان میں پہلی بار مقامی طور پر ایک اے آئی ڈیٹا سینٹر اور خودمختار کلاؤڈ متعارف کروا دیا گیا ہے، جس سے ملک میں صحت، مالیات، عوامی تحفظ اور دیگر شعبوں میں مصنوعی ذہانت کے استعمال میں تیزی آنے کی توقع ہے اور ساتھ ہی سائبر سیکیورٹی اور ڈیٹا شفافیت بھی مضبوط ہوگی۔

ڈان اخبار میں شائع رپورٹ کے مطابق ٹیلی وائٹ نار نے ملک میں پہلی بار مقامی طور پر مصنوعی ذہانت کا ڈیٹا سینٹر اے آئی ڈیٹا سینٹر اور خودمختار کلاؤڈ لانچ کر دیا ہے، جس سے صحت، مالیات اور عوامی تحفظ سمیت مختلف شعبوں میں پاکستان میں اے آئی کے استعمال میں تیزی آنے کی توقع ہے، جبکہ سائبر سیکیورٹی اور ڈیٹا شفافیت بھی مضبوط ہوگی۔"
data/raw/newspaper/72.png,"ڈینا والٹ کی سی ای او مہوش سلمان علی نے بتایا کہ ڈینا والٹ پاکستان کا واحد ڈینا سینٹر ہے جو جی پی یو سروسز فراہم کر رہا ہے۔

انہوں نے کہا کہ اگرچہ یہ مشکل ہے، لیکن ہم نے 3 ہزار سے زائد جی پی یوز حاصل کیے ہیں اور انہیں بطور سروس فراہم کر رہے ہیں، مزید کہا کہ اس طرح ہم ملک کا واحد اے آئی فعال ڈینا سینٹر بن چکے ہیں۔

مہوش علی کے مطابق ڈینا والٹ پاکستان کے پاس نویڈیا کی جانب سے جی پی یو نیوز کے لیے باضابطہ خصوصی منظوری موجود ہے اور یہ جی پی یو نویڈیا کے پارٹنرز سے خریدتی ہیں۔"
data/raw/newspaper/73.png,"پاک انسٹیٹیوٹ فار پیس سٹڈیز کی 'پاکستان سیکیورٹی رپورٹ 2025' کے مطابق ملک بھر میں 699 دہشت گرد حملے ریکارڈ کیے گئے، جو 2024 کے مقابلے میں 34 فیصد زیادہ ہیں۔ ان حملوں میں ایک ہزار 34 افراد جاں بحق اور ایک ہزار 366 افراد زخمی ہوئے جو بلاکٹور میں 21 فیصد اضافے کی نشاندہی کرتا ہے۔

مجموعی طور پر تنازعات سے جڑے پرتشدد واقعات جن میں دہشت گرد حملے، انسدادِ دہشت گردی آپریشنز، سرحدی جھڑپیں اور اغوا شامل ہیں، بڑھ کر 11 سے 24 تک پہنچ گئے، جو 2024 کے مقابلے میں 43 فیصد اضافہ ہے۔ ان واقعات کو اب محض وقتی ناکامی قرار نہیں دیا جا سکتا بلکہ ایک ایسے بحران کی طرف اشارہ کرتے ہیں جو تیزی سے پھیل رہا ہے اور جس پر قابو پانا مشکل ہوتا جا رہا ہے۔

سب سے نمایاں تبدیلی یہ ہے کہ دہشت گردی کا بدف کون بن رہا ہے۔ اب شہید ہونے والوں میں سیکیورٹی اہلکاروں کا بڑا حصہ شامل ہے۔ پولیس اسٹیشنز، سیکیورٹی قافلے اور چیک پوسٹیں بار بار حملوں کا نشانہ بن رہی ہیں جبکہ فوجی یونٹس بھی نشانہ بننے لگے ہیں۔"
data/raw/newspaper/74.png,"تشدد جغرافیائی طور پر بھی مخصوص علاقوں میں مرکوز ہے۔ تقریباً تمام دہشت گردانہ حملے خیبر پختونخوا اور بلوچستان میں ہوئے، خیبر پختونخوا کے جنوبی اضلاع میں قانون نافذ کرنے والے اداروں پر حملے معمول بن چکے ہیں۔

بلوچستان میں شدت پسندوں نے اپنی حکمتِ عملی کو محض 'ہٹ اینڈ رن' (حملہ کرو اور بھاگ جاؤ) تک محدود نہیں رکھا، بلکہ اب اس میں شاہراہوں کی ناکہ بندی، اغوا اور بنیادی ڈھانچے کی تخریب کاری بھی شامل ہو چکی ہے۔ یہ واضح ہو چکا ہے کہ ملک کی مغربی سیکیورٹی کے لحاظ سے سب سے بڑی فالٹ لائن بن چکی ہے۔

ریاست نے اس کا جواب طاقت سے دیا ہے۔ انسدادِ دہشت گردی کارروائیوں میں تیزی لائی گئی، جن میں ایک ہزار سے زائد دہشت گرد مارے گئے۔ لیکن عسکری کارروائیوں پر یہ شدید انحصار ایک گہرے مسئلے کی نشاندہی کرتا ہے کہ سیکورٹی آپریشنز کے باوجود حملوں کی تعداد بڑھ رہی ہے۔"
data/raw/newspaper/75.png,"کراچی میں مذہبی جذبات مجروح کرنے کے الزام میں درج مقدمے کی سماعت کے دوران سیشنز کورٹ میں پیٹیوور رجب بٹ پر جسمانی حملہ کیا گیا جس کے باعث عدالت کا ماحول بدنظمی کا شکار ہوگیا۔

رجب بٹ کو 20 دسمبر کو دی گئی عبوری ضمانت کی مدت ختم ہونے پر آج (پیر کو) سیشنز کورٹ سینٹرل میں پیش ہوئے تھے تاہم سماعت کے دوران بنگاما ہونے اور ان پر حملہ کر دیا گیا۔

ان کے وکیل میاں علی اشفاق نے سوشل میڈیا پلیٹ فارم ایکس پر بیان میں الزام لگایا کہ کراچی سٹی کورٹ کے احاطے میں کچھ وکلا نے ان کے موکل پر ان کی موجودگی میں حملہ کیا جس سے رجب بٹ زخمی ہوئے۔ ان کا کہنا تھا کہ بار بار روکنے کے باوجود تشدد جاری رکھا گیا جو وکلا کے لیے غیر پیشہ ورانہ طرزِ عمل ہے۔"
data/raw/newspaper/76.png,"حال ہی میں ژونگ فینگ لین نے بھی اپنی شناخت کی تلاش کے لیے رجسٹریشن کروائی، ایک خاتون نے ان کی تصویر دیکھ کر شبہ ظاہر کیا کہ وہ ان کے خاندان کی گمشدہ بیٹی ہو سکتی ہے، بعد ازاں ڈی این اے ٹیسٹ نے خاندانی تعلق کی تصدیق کر دی۔

7 جولائی کو ژونگ فینگ لین اپنے آبائی شہر پہنچیں جہاں انہوں نے اپنے والدہ سے گلے لگ کر جذباتی انداز میں کہا کہ مجھے کبھی امید نہیں تھی کہ اس زندگی میں دوبارہ اپنی ماں کو دیکھ سکوں گی۔

ژونگ فینگ لین کا کہنا ہے کہ میں اب اپنے اصل خاندان کے ساتھ وقت گزاروں گی اور باقاعدگی سے ان سے ملاقاتیں کرتی رہوں گی۔"
data/raw/newspaper/77.png,"پاکستانی اداکارہ ہما ماڈل ہما سلیم نے ایک پاکستانی کرکٹر پر براسانی، دھمکیوں، ذہنی اذیت اور کردار کشی کے سنگین الزامات عائد کرتے ہوئے کہا ہے کہ میں جلد اپنی قانونی ٹیم کے ساتھ شواہد بھی سامنے لاؤں گی۔

ہما سلیم نے انسٹاگرام میں کسی کرکٹر کا نام لیے بغیر لکھا ہے کہ میں ایک انتہائی پریشان کن صورتِ حال سے گزر رہی ہوں کہ میں ایک ایسے شخص کے متعلق بات کر رہی ہوں جو بہت ہی دھوکے باز، فراڈی اور خواتین کے ساتھ نامناسب رویہ رکھنے والا ہے۔

انہوں نے دعویٰ کیا کہ 2 ماہ سے اس کریکٹر سے کوئی رابطہ نہیں تھا، لیکن جب بھی میں اپنی زندگی میں آگے بڑھنے کی کوشش کرتی ہوں، وہ دوبارہ آ کر ذہنی طور پر پریشان کرتا ہے۔"
data/raw/newspaper/78.png,"سونم وانگ چک کی صحت سے متعلق سوال پر عامر خان نے تشویش کا اظہار کرتے ہوئے کہا کہ سب لوگ ان کی صحت اور زندگی کے حوالے سے فکر مند ہیں اور امید کرتے ہیں کہ ان کی بھوک ہڑتال بخیریت ختم ہو جائے گی۔

رپورٹ کے مطابق سونم وانگ چک نئی دہلی کے جنتر منتر میں گزشتہ 19 روزہ سے غیر معینہ مدت کی بھوک ہڑتال پر ہیں، احتجاج کا آغاز پرچہ لیک ہونے کے خلاف ازاں کیا گیا تھا، جو بعد میں امتحانی نظام میں اصلاحات اور مطالبات پر مبنی وسیع تحریک میں تبدیل ہو گیا۔

مظاہرین وفاقی تعلیم وزیر دھرمیندر پردھان کے استعفے اور مسابقتی امتحانی نظام میں اصلاحات کا مطالبہ کر رہے ہیں، جبکہ سونم وانگ چک نے 20 جولائی کو چلو پارلیمنٹ مارچ میں شرکت کی بھی اپیل کی ہے۔"
data/raw/newspaper/79.png,"وسیم عباس نے کہا کہ رجب بٹ کو کون جانتا ہے؟ فہد مصطفیٰ پاکستان کے سب سے بڑے ہیروز میں سے ایک ہیں۔

انہوں نے کہا کہ اگر کوئی فہد مصطفیٰ کو نہیں جانتا تو شاید وہ جنگل میں رہتا ہو گا، میں شرط لگا سکتا ہوں کہ میں نے آج تک رجب بٹ کی ایک بھی ویڈیو یا کلپ نہیں دیکھا۔

اداکار نے کہا کہ فہد مصطفیٰ گیم شو کی وجہ سے ملک بھر میں پہچانے جاتے ہیں۔"
data/raw/newspaper/80.png,"ان کا کہنا ہے کہ ہر خاتون کی طرح میری بھی کچھ ترجیحات ہیں، مادی آسائشوں سے زیادہ شخصیت اور اخلاق کو اہمیت دیتی ہوں۔

نمرہ مہرہ کا کہنا ہے کہ میرے نزدیک ایک مثالی شریک حیات وہ ہے جو نرم مزاج، خوش اخلاق اور شائستہ گفتگو کرنے والا ہو۔

انہوں نے کہا کہ میں اپنے ہونے والے شوہر میں سب سے اہم یہ خوبی دیکھنا چاہتی ہوں کہ وہ مشکل حالات میں تحمل اور بردباری کا مظاہرہ کرے، گھبراہٹ یا اشتعال کا شکار نہ ہو، بلکہ ہر صورتِ حال کو سکون اور خوش اخلاقی کے ساتھ سنبھالنے کی صلاحیت رکھتا ہو۔"
data/raw/other/81.png,پشاور، بنوں (نمائندہ جنگ، اے ایف پی) بنوں میں اقوام میر اخیل اور
data/raw/other/82.png,تقلید پرست علماء کی موجودہ نااتفاقی کے اسباب
data/raw/other/83.png,اس کے ساتھ ملحقہ علاقے کے عوام نے بجلی و گیس
data/raw/other/84.png,آخرت کا سفر
data/raw/other/85.png,کی لوڈ شیڈنگ کے خلاف مظاہرہ کیا، پولیس تشدد سے ایک نوجوان
data/raw/other/86.png,داستانِ اہلِ دل
data/raw/other/87.png,پولیس کا کہنا ہے کہ مظاہرین میں سے کسی نے ہم
data/raw/other/88.png,فضائل صحابہؓ
data/raw/other/89.png,پر براہ راست فائرنگ کی اور فائرنگ کے تبادلے کے
data/raw/other/90.png,آسان ترجمہ قرآن
data/raw/other/91.png,مظاہرہ کے دوران بنوں ڈیرہ روڈ بلاک کر دی اور سڑک
data/raw/other/92.png,حفصہ
data/raw/other/93.png,خالی کرنے سے انکار کر دیا، مظاہرین کو روڈ سے ہٹانے
data/raw/other/94.png,طلائع
data/raw/other/95.png,کیلئے پولیس نے مظاہرین پر لاٹھی چارج اور فائرنگ کی
data/raw/other/96.png,کامیابی صبر اور محنت کا نتیجہ ہے۔
data/raw/other/97.png,ملانے والی مرکزی شاہراہ پر کرفیو نافذ کر دیا گیا ہے۔ بنوں
data/raw/other/98.png,میں تشدد اس وقت شروع ہوا جب حوالہ 500 کے لگ بھگ
data/raw/other/99.png,مظاہرین نے مصروف شاہراہ بلاک کر دی اور خالی کرنے سے سے
data/raw/other/100.png,انکار کر دیا۔ مظاہرین نے شاہراہ کو 3 گھنٹے تک بلاک کر رکھا۔ پولیس کا
data/raw/other/101.png,ابوبکر صدیق
data/raw/other/102.png,منشور علی جاں بھگت اور 2 خواتین سمیت 14 افراد زخمی ہو گئے۔
data/raw/other/103.png,والدین ہماری جنت
data/raw/other/104.png,نتیجے میں ایک شہری ہلاک ہو گیا۔ تفصیلات کے مطابق بنوں
data/raw/other/105.png,ارشاد
data/raw/other/106.png,میں اقوام میر اخیل اور اسکے ساتھ ملحقہ علاقے کے عوام
data/raw/other/107.png,خواتین
data/raw/other/108.png,جس سے ایک نوجوان منشور علی جاں بھگت اور 2
data/raw/other/109.png,سیدنا
data/raw/other/110.png,صابری پرنٹنگ
data/raw/other/111.png,ایزی لوڈشاپ
data/raw/other/112.png,علاقے میں کرفیو نافذ کر دیا گیا ہے۔ مکینوں نے الزام
data/raw/other/113.png,قبر کے تین سوال
data/raw/other/114.png,لگایا کہ پولیس کی فائرنگ سے شہری ہلاک ہوا جبکہ
data/raw/other/115.png,الخط الفارسی
data/raw/other/116.png,نے بجلی و گیس کی لوڈ شیڈنگ کیخلاف مظاہرہ کیا۔ مظاہرین نے
data/raw/other/117.png,شفیق
data/raw/other/118.png,خواتین سمیت 14 افراد زخمی ہوئے۔ زخمیوں کو قریبی اسپتال
data/raw/other/119.png,خطِ نستعلیق
data/raw/other/120.png,منتقل کر دیا گیا۔۔ بنوں اور ڈیرہ اسماعیل خان ضلع کو
data/raw/synthetic/121.png,زندگی ایک خوبصورت نعمت ہے
data/raw/synthetic/122.png,پاکستان زندہ باد
data/raw/synthetic/123.png,آج کا موسم خوشگوار ہے
data/raw/synthetic/124.png,تعلیم ہر انسان کا حق ہے
data/raw/synthetic/125.png,کراچی پاکستان کا سب سے بڑا شہر ہے
data/raw/synthetic/126.png,کتاب بہترین دوست ہے
data/raw/synthetic/127.png,ہر انسان برابر ہے
data/raw/synthetic/128.png,سچ ہمیشہ کامیاب ہوتا ہے
data/raw/synthetic/129.png,پاکستان ایک خوبصورت ملک ہے
data/raw/synthetic/130.png,ماں کی دعا جنت کی ہوا
data/raw/synthetic/131.png,صفائی نصف ایمان ہے
data/raw/synthetic/132.png,محبت نفرت سے بہتر ہے
data/raw/synthetic/133.png,صحت سب سے بڑی دولت ہے
data/raw/synthetic/134.png,صبر اور شکر کامیابی کا راز ہیں
data/raw/synthetic/135.png,ہر مشکل کے بعد آسانی ہے
data/raw/synthetic/136.png,دوسروں کا احترام کریں
data/raw/synthetic/137.png,محنت کامیابی کی کنجی ہے
data/raw/synthetic/138.png,علم روشنی ہے
data/raw/synthetic/139.png,وقت بہت قیمتی ہے
data/raw/synthetic/140.png,اردو ہماری قومی زبان ہے
data/raw/synthetic/141.png,پڑھائی کامیابی کی پہلی سیڑھی ہے
data/raw/synthetic/142.png,ہمیں دوسروں کی مدد کرنی چاہیے
data/raw/synthetic/143.png,وقت کی قدر کریں
data/raw/synthetic/144.png,ہر دن ایک نئی امید ہے
data/raw/synthetic/145.png,کامیابی مسلسل محنت سے ملتی ہے
data/raw/synthetic/146.png,اچھی عادتیں کامیابی لاتی ہیں
data/raw/synthetic/147.png,کتابیں علم کا خزانہ ہیں
data/raw/synthetic/148.png,نیکی کبھی ضائع نہیں ہوتی
data/raw/synthetic/149.png,محنت کا پھل میٹھا ہوتا ہے
data/raw/synthetic/150.png,ہم سب پاکستانی ہیں
data/raw/synthetic/151.png,صاف ماحول صحت کی ضمانت ہے
data/raw/synthetic/152.png,درخت لگائیں ماحول بچائیں
data/raw/synthetic/153.png,دیانت داری بہترین پالیسی ہے
data/raw/synthetic/154.png,اتحاد ایمان اور نظم
data/raw/synthetic/155.png,ہمیشہ سچ بولیں
data/raw/synthetic/156.png,علم انسان کو عظیم بناتا ہے
data/raw/synthetic/157.png,مثبت سوچ کامیابی کی بنیاد ہے
data/raw/synthetic/158.png,ہمیں اپنے ملک سے محبت ہے
data/raw/synthetic/159.png,خوش رہیں اور دوسروں کو خوش رکھیں
data/raw/synthetic/160.png,امن سب کی ضرورت ہے
data/raw/signboards/161.png,سلطان WARDROBE
data/raw/signboards/162.png,بجلی کی بچت برائے مہربانی کام کی جگہ چھوڑتے وقت سوئچ اور لائٹ بند کر دیں کیونکہ یہ بچت آپ کو فائدہ پہنچائے گی۔
data/raw/signboards/163.png,حرمین جیولرز
data/raw/signboards/164.png,کوشش
data/raw/signboards/165.png,شان میڈیکل سٹور
data/raw/signboards/166.png,اسٹنٹ ڈار کریئر انسٹیٹیوٹ آف میڈیکل
data/raw/signboards/167.png,حضرت نوح
data/raw/signboards/168.png,شاہ میر کھسہ محل کھسہ، چپل، کالاپوری، پمپنگ سینڈل دستیاب ہے۔
data/raw/signboards/169.png,چارج اور آنسو گیس کے شیل فائر کئے جس کے
data/raw/signboards/170.png,جواب میں مظاہرین نے پولیس پر پتھراؤ شروع کر دیا۔ بنوں کے
data/raw/signboards/171.png,ایک اور پولیس افسر نے بتایا کہ فائرنگ پہلے مظاہرین
data/raw/signboards/172.png,میں سے کسی نے پولیس پر براہ راست کی۔ انہوں
data/raw/signboards/173.png,تصور بھی نہیں کر سکتا، حتی کہ پاکستان میں رہنے والی
data/raw/signboards/174.png,اقلیتیں بھی سرکار و عالم ﷺ کی شان میں گستاخی نہیں کر سکتیں لہذا
data/raw/signboards/175.png,میں تمام مسالک سے تعلق رکھنے والے مذہبی رہنماؤں سے
data/raw/signboards/176.png,درخواست کرتا ہوں کہ وہ وزیراعظم یوسف رضا گیلانی کی اس واضح
data/raw/signboards/177.png,لوہاری، رکون، بھون، ایوو، بھیریا، گاندر
data/raw/signboards/178.png,اللہ توکل جنرل اینڈ کریانہ سٹور بازار سے بار عائیت خرید فرمائیں دو کانداروں کے لیے خصوصی رعائیت
data/raw/signboards/179.png,محمد ﷺ
data/raw/signboards/180.png,اٹک ATTOCK
data/raw/signboards/181.png,عمرکوٹ UMERKOT
data/raw/signboards/182.png,کہنا ہے کہ ایک شخص فائرنگ کے تبادلے کے نتیجے
data/raw/signboards/183.png,نے کہا کہ پولیس نے مظاہرین کو منتشر کرنے کیلئے
data/raw/signboards/184.png,ہوائی فائرنگ کی۔ انہوں نے کہا کہ مظاہرین نے بجلی
data/raw/signboards/185.png,کے گرڈ اسٹیشن پر حملہ کیا۔
data/raw/signboards/186.png,اسٹیٹ بینک آف پاکستان STATE BANK OF PAKISTAN، ٹاور کیماری TOWER / KAEMARI، صدر SADDAR — AGHA STEEL INDUSTRIES
data/raw/signboards/187.png,چترال Chitral، دیر Dir
data/raw/signboards/188.png,حضرت نوح
data/raw/signboards/189.png,کراچی KARACHI
data/raw/signboards/190.png,دکان کھلی ہے / وقفہ برائے نماز
data/raw/signboards/191.png,آوجی
data/raw/signboards/192.png,خان اینڈ پکوان سنٹر بریانی ہاؤس کا افتتاح ہو چکا ہے محلہ منشیانوالہ وارڈ نمبر 05 جھنگ سٹی
data/raw/signboards/193.png,میں جاں بحق ہوا جبکہ مکینوں کا الزام ہے کہ
data/raw/signboards/194.png,مظاہرین میں سے ایک شخص پولیس کی فائرنگ سے ہلاک
data/raw/signboards/195.png,ہوا ہے۔ بنوں کے ایک پولیس افسر نے اے ایف پی
data/raw/signboards/196.png,کو بتایا کہ پولیس نے مظاہرین کو منتشر کرنے کیلئے لاٹھی
data/raw/signboards/197.png,کراچی (اسٹاف رپورٹر) متحدہ قومی موومنٹ کے قائد
data/raw/signboards/198.png,الطاف حسین نے واضح اور دوٹوک الفاظ میں کہا ہے کہ کوئی
data/raw/signboards/199.png,بھی مسلمان اللہ تعالیٰ کے محبوب اور نبی آخرالزماں حضرت
data/raw/signboards/200.png,محمد مصطفیٰ ﷺ کی شان میں گستاخی کرنا تو کجا اس کا
